,0
0,0.09764844
1,0.067207575
2,0.10026956
3,0.09758696
4,0.10799546
5,0.06907746
6,0.06529899
7,0.062167715
8,0.057904754
9,0.058239046
10,0.059697524
11,0.14007531
12,0.045299873
13,0.047992945
14,0.056441523
15,0.042860575
16,0.06624867
17,0.049295023
18,0.04969405
19,0.044335216
20,0.04068863
21,0.10157813
22,0.044713475
23,0.049726434
24,0.05263584
25,0.03558547
26,0.036828533
27,0.057164878
28,0.031005718
29,0.03621865
30,0.06565611
31,0.03425762
32,0.04553231
33,0.045373887
34,0.03222391
35,0.06749916
36,0.037205033
37,0.03499284
38,0.03611482
39,0.024809912
40,0.029133694
41,0.041371047
42,0.030917026
43,0.076756604
44,0.033220448
45,0.053203568
46,0.0333448
47,0.023908745
48,0.03324945
49,0.030138396
50,0.09167516
51,0.05355452
52,0.054882213
53,0.02769364
54,0.034785785
55,0.05242142
56,0.054926515
57,0.03988193
58,0.040660687
59,0.052749895
60,0.03768304
61,0.024987081
62,0.03435258
63,0.037711706
64,0.03918968
65,0.020232258
66,0.035215635
67,0.034342617
68,0.029133266
69,0.086192064
70,0.0272674
71,0.028877195
72,0.020408506
73,0.025241578
74,0.015814371
75,0.06460548
76,0.020136321
77,0.035256237
78,0.016375322
79,0.024986204
80,0.045315627
81,0.0627124
82,0.025948182
83,0.034922004
84,0.0734549
85,0.042278003
86,0.02708656
87,0.028594445
88,0.07259771
89,0.13636835
90,0.021976499
91,0.02036863
92,0.01669273
93,0.037084356
94,0.03669408
95,0.036275674
96,0.02756013
97,0.0553581
98,0.038441114
99,0.035146527
100,0.048180044
101,0.026709866
102,0.04421191
103,0.023136804
104,0.03778495
105,0.08338723
106,0.05647356
107,0.016880706
108,0.053039096
109,0.0155225815
110,0.024036277
111,0.080406696
112,0.09433607
113,0.02215308
114,0.0921393
115,0.027427915
116,0.028588697
117,0.049969144
118,0.023834866
119,0.035377532
120,0.036514618
121,0.022769637
122,0.01609443
123,0.056435324
124,0.024047257
125,0.01807357
126,0.02872743
127,0.014385265
128,0.028868767
129,0.035731006
130,0.02836436
131,0.019212976
132,0.025168441
133,0.026402894
134,0.034344524
135,0.05139836
136,0.024812572
137,0.013756427
138,0.017746625
139,0.019418707
140,0.026040014
141,0.04013732
142,0.013285885
143,0.03676239
144,0.039276093
145,0.013507117
146,0.031833205
147,0.015805762
148,0.057785537
149,0.04881061
150,0.01673178
151,0.019854087
152,0.024944698
153,0.027895302
154,0.015901988
155,0.015990123
156,0.018386621
157,0.028015146
158,0.03233657
159,0.047035433
160,0.044205252
161,0.050064653
162,0.016239984
163,0.022351712
164,0.020222358
165,0.018196862
166,0.02741741
167,0.04419135
168,0.07565959
169,0.033209153
170,0.024138976
171,0.063533515
172,0.01845429
173,0.02188966
174,0.03896725
175,0.023882382
176,0.052070092
177,0.029057056
178,0.020042151
179,0.023985207
180,0.067932814
181,0.03356913
182,0.02974659
183,0.02098994
184,0.03593631
185,0.039002597
186,0.024771754
187,0.04642055
188,0.032069247
189,0.030089336
190,0.016742438
191,0.023298316
192,0.05168411
193,0.024678769
194,0.019131873
195,0.031360723
196,0.043664273
197,0.036048964
198,0.014890896
199,0.035227112
200,0.014626556
201,0.017974671
202,0.028183147
203,0.012839158
204,0.044149272
205,0.025693152
206,0.014455887
207,0.025427531
208,0.028235333
209,0.030930746
210,0.030025672
211,0.02279197
212,0.017229091
213,0.01724128
214,0.018583514
215,0.03769413
216,0.01854778
217,0.05001101
218,0.1071057
219,0.028216233
220,0.0401227
221,0.020009762
222,0.012842311
223,0.024511892
224,0.035616
225,0.023389572
226,0.019983092
227,0.053722307
228,0.02207683
229,0.027869176
230,0.0873286
231,0.031477615
232,0.069532394
233,0.027409308
234,0.01636665
235,0.01963114
236,0.046397842
237,0.027971279
238,0.024779
239,0.043707915
240,0.0330177
241,0.03309751
242,0.015950631
243,0.020500451
244,0.029993327
245,0.05403039
246,0.027059209
247,0.11735619
248,0.019896332
249,0.021204991
250,0.10590255
251,0.10917101
252,0.03214439
253,0.023209276
254,0.07609369
255,0.06311215
256,0.023455847
257,0.032692917
258,0.023460645
259,0.032774154
260,0.019794147
261,0.04525485
262,0.02082751
263,0.015498153
264,0.043211725
265,0.061437264
266,0.044533458
267,0.018551124
268,0.057570513
269,0.030406773
270,0.049733058
271,0.01865336
272,0.032347504
273,0.026096798
274,0.044357706
275,0.019239428
276,0.024996463
277,0.01506642
278,0.028779302
279,0.014043418
280,0.039385352
281,0.01420693
282,0.02623637
283,0.031822845
284,0.043174326
285,0.022651564
286,0.01992429
287,0.014578421
288,0.018050615
289,0.029596124
290,0.015245397
291,0.05548152
292,0.043889567
293,0.020081643
294,0.024486152
295,0.027345072
296,0.013116185
297,0.027313972
298,0.024670992
299,0.020175725
300,0.014231996
301,0.026659032
302,0.027961202
303,0.017926712
304,0.014583461
305,0.015423734
306,0.03766229
307,0.021128729
308,0.01375127
309,0.02580623
310,0.039653618
311,0.013466971
312,0.019732535
313,0.027760338
314,0.022129409
315,0.07826895
316,0.031365626
317,0.09156455
318,0.017298808
319,0.02062873
320,0.016048789
321,0.048627213
322,0.02910075
323,0.041680995
324,0.0562945
325,0.020288423
326,0.022543386
327,0.033347793
328,0.01867486
329,0.037948277
330,0.01934857
331,0.017239263
332,0.03251117
333,0.019373648
334,0.019513216
335,0.03603835
336,0.015557656
337,0.021191157
338,0.03555486
339,0.02442959
340,0.04190174
341,0.02076531
342,0.045676827
343,0.024920672
344,0.04429105
345,0.037686516
346,0.041375972
347,0.022033926
348,0.029924762
349,0.015728293
350,0.027725337
351,0.022339351
352,0.022283304
353,0.03344198
354,0.018686078
355,0.03733021
356,0.012526364
357,0.04319019
358,0.016147323
359,0.03667955
360,0.06204571
361,0.027776852
362,0.020167403
363,0.040803216
364,0.058769822
365,0.035158604
366,0.023534901
367,0.028022714
368,0.013989532
369,0.019916225
370,0.035468824
371,0.04839266
372,0.030056622
373,0.05891572
374,0.04924225
375,0.01993633
376,0.018822767
377,0.019229742
378,0.017041087
379,0.023160756
380,0.069405004
381,0.024456158
382,0.039602764
383,0.023462854
384,0.016306004
385,0.020811075
386,0.02879341
387,0.020953782
388,0.023922633
389,0.02507652
390,0.027706452
391,0.020006655
392,0.016551405
393,0.015362128
394,0.021921191
395,0.051160738
396,0.07860049
397,0.03205713
398,0.022948597
399,0.017560873
400,0.018582607
401,0.030113459
402,0.017879521
403,0.04644522
404,0.03144698
405,0.028940115
406,0.014301335
407,0.023226127
408,0.01830979
409,0.012796777
410,0.0549286
411,0.02106708
412,0.013406938
413,0.019033331
414,0.027809238
415,0.046071786
416,0.027699487
417,0.016104817
418,0.021454277
419,0.01980048
420,0.047373835
421,0.025404453
422,0.025271572
423,0.0388967
424,0.035179384
425,0.022695964
426,0.024622796
427,0.011998872
428,0.013670975
429,0.020678246
430,0.02536045
431,0.03546487
432,0.025410183
433,0.026787542
434,0.024269065
435,0.030758476
436,0.023541436
437,0.012838489
438,0.019073538
439,0.012635623
440,0.016900165
441,0.018254582
442,0.028296513
443,0.014187401
444,0.021400522
445,0.033233427
446,0.025405187
447,0.045530446
448,0.028467217
449,0.026422022
450,0.012610053
451,0.02913366
452,0.015187722
453,0.043848645
454,0.01575711
455,0.034978025
456,0.02511903
457,0.016505629
458,0.034830365
459,0.016805176
460,0.021343281
461,0.042575747
462,0.013492292
463,0.014387934
464,0.013660597
465,0.023052994
466,0.024656042
467,0.025865484
468,0.023316119
469,0.076793015
470,0.031231828
471,0.016864741
472,0.040133607
473,0.014764817
474,0.013054144
475,0.013056381
476,0.021125242
477,0.0303617
478,0.047698945
479,0.01812181
480,0.017804645
481,0.015876526
482,0.024111096
483,0.01698808
484,0.014942689
485,0.01602081
486,0.051759563
487,0.059739098
488,0.030712623
489,0.028931499
490,0.016330957
491,0.025236987
492,0.022294207
493,0.018743496
494,0.024030771
495,0.023900226
496,0.02284592
497,0.015530869
498,0.014045093
499,0.020264953
500,0.022934653
501,0.012919354
502,0.018348852
503,0.025065072
504,0.018016152
505,0.018235799
506,0.015556451
507,0.07607765
508,0.016626086
509,0.018833509
510,0.021149483
511,0.015277251
512,0.017222207
513,0.0188837
514,0.017308027
515,0.025702946
516,0.018093899
517,0.01462791
518,0.041723154
519,0.014791923
520,0.0536644
521,0.03075354
522,0.016665906
523,0.015121432
524,0.013426788
525,0.01719661
526,0.0140862735
527,0.021777373
528,0.015287178
529,0.020909775
530,0.030797947
531,0.018069468
532,0.026183452
533,0.0124543635
534,0.024227932
535,0.01565685
536,0.015970271
537,0.015021022
538,0.013862984
539,0.016549889
540,0.017400602
541,0.024157783
542,0.02144384
543,0.014352793
544,0.01487376
545,0.014343034
546,0.019581223
547,0.012228344
548,0.0116799995
549,0.017781196
550,0.022544805
551,0.012144636
552,0.012205181
553,0.018320004
554,0.019200686
555,0.025833353
556,0.016114887
557,0.01702085
558,0.016391812
559,0.014194613
560,0.01628174
561,0.013077431
562,0.01727983
563,0.01292957
564,0.022239063
565,0.014242265
566,0.015438444
567,0.014820695
568,0.016639538
569,0.012971986
570,0.021652415
571,0.011513099
572,0.012376196
573,0.013754976
574,0.01395037
575,0.020122629
576,0.0124655925
577,0.01836349
578,0.013090201
579,0.012962599
580,0.02050254
581,0.014121721
582,0.012855175
583,0.020672187
584,0.018184766
585,0.017470563
586,0.03399421
587,0.023823973
588,0.020723939
589,0.033332173
590,0.017835064
591,0.020375527
592,0.023889717
593,0.015003333
594,0.01806208
595,0.023773223
596,0.012035849
597,0.017416261
598,0.013697774
599,0.018970527
600,0.012996449
601,0.026958931
602,0.01655024
603,0.012202918
604,0.012762933
605,0.02082427
606,0.016708408
607,0.0206472
608,0.014401304
609,0.015096344
610,0.016113611
611,0.012592828
612,0.013305771
613,0.014002416
614,0.014074232
615,0.01851456
616,0.012011345
617,0.013355147
618,0.013426761
619,0.0125843305
620,0.019296456
621,0.013633381
622,0.013777022
623,0.015445888
624,0.015368248
625,0.02014884
626,0.014001829
627,0.022410583
628,0.013296041
629,0.030808328
630,0.02231775
631,0.05272046
632,0.012450741
633,0.021899743
634,0.023933
635,0.020098059
636,0.013198533
637,0.011989471
638,0.01301755
639,0.013997114
640,0.01423197
641,0.02117695
642,0.015422913
643,0.016455997
644,0.015398434
645,0.017502213
646,0.020223271
647,0.013794849
648,0.023950182
649,0.020812962
650,0.013928027
651,0.015506703
652,0.017596548
653,0.015828017
654,0.013412047
655,0.012062063
656,0.014974497
657,0.01615025
658,0.0137086045
659,0.030176993
660,0.01491546
661,0.014117459
662,0.027837805
663,0.020548303
664,0.013221273
665,0.012022414
666,0.014865173
667,0.016157122
668,0.0133282505
669,0.0150899105
670,0.01418631
671,0.013041225
672,0.021432612
673,0.018038524
674,0.0122605525
675,0.013452044
676,0.01179607
677,0.013402054
678,0.01176515
679,0.020353694
680,0.013493649
681,0.011896554
682,0.012160829
683,0.014546791
684,0.0120791895
685,0.015391786
686,0.02068388
687,0.015309291
688,0.015164658
689,0.015722381
690,0.018811762
691,0.014869787
692,0.013578205
693,0.018123118
694,0.014087843
695,0.016260952
696,0.016780674
697,0.014945602
698,0.0137328375
699,0.0131183695
700,0.01402208
701,0.0196347
702,0.05213869
703,0.015414985
704,0.01340743
705,0.015355956
706,0.014074925
707,0.012627794
708,0.0138522405
709,0.013059907
710,0.012133138
711,0.012870828
712,0.021466961
713,0.013790425
714,0.015610168
715,0.013899571
716,0.012665963
717,0.012481539
718,0.013609781
719,0.014019863
720,0.0149213
721,0.011902947
722,0.012936548
723,0.013575852
724,0.013046274
725,0.013644982
726,0.016590076
727,0.012230305
728,0.012387676
729,0.018613914
730,0.0124513
731,0.012678214
732,0.016644597
733,0.011779616
734,0.01268129
735,0.013624245
736,0.0123703
737,0.015722053
738,0.012706235
739,0.013582024
740,0.01617271
741,0.012661942
742,0.02184727
743,0.017370498
744,0.014321785
745,0.018398274
746,0.013297902
747,0.015865851
748,0.031800423
749,0.012174748
750,0.022690061
751,0.011466658
752,0.01895387
753,0.015908428
754,0.01282169
755,0.014541612
756,0.02869728
757,0.012454025
758,0.013830624
759,0.018695632
760,0.020084873
761,0.01818387
762,0.012577139
763,0.012209885
764,0.017430544
765,0.015294431
766,0.012736918
767,0.011472874
768,0.028809005
769,0.012790429
770,0.014183861
771,0.012862199
772,0.024962738
773,0.019469604
774,0.018139303
775,0.020018362
776,0.011608202
777,0.011910635
778,0.016953215
779,0.012682171
780,0.018322498
781,0.013079554
782,0.011973759
783,0.016997356
784,0.021245133
785,0.026862718
786,0.013235699
787,0.016692508
788,0.014112977
789,0.014080288
790,0.011832115
791,0.0136470515
792,0.031195242
793,0.017076146
794,0.011959153
795,0.011697266
796,0.023352202
797,0.01730747
798,0.013396911
799,0.011514865
800,0.017165512
801,0.013819584
802,0.01490175
803,0.0137164015
804,0.017299045
805,0.013724634
806,0.025875464
807,0.012809916
808,0.012403484
809,0.01569792
810,0.01348479
811,0.023147354
812,0.014849145
813,0.016832229
814,0.014405778
815,0.015307777
816,0.014850033
817,0.0123122465
818,0.015088467
819,0.0124483965
820,0.0124130435
821,0.012168445
822,0.0181376
823,0.013795665
824,0.012796009
825,0.012904698
826,0.014951977
827,0.014123132
828,0.012290192
829,0.015191916
830,0.0187831
831,0.012610281
832,0.012033331
833,0.013042355
834,0.021010399
835,0.0124702435
836,0.016165935
837,0.013209639
838,0.011763966
839,0.014379686
840,0.03469273
841,0.038751572
842,0.015339393
843,0.014310893
844,0.015168918
845,0.013683824
846,0.01613972
847,0.012819242
848,0.011133576
849,0.02682335
850,0.016572198
851,0.024309954
852,0.014670406
853,0.012478739
854,0.01324116
855,0.012107713
856,0.01147365
857,0.015953029
858,0.030438364
859,0.011673478
860,0.014240518
861,0.015133069
862,0.022785109
863,0.020994611
864,0.012095978
865,0.016061908
866,0.015716217
867,0.012861585
868,0.013871024
869,0.0152406525
870,0.01205482
871,0.013960235
872,0.0239061
873,0.015921624
874,0.011785262
875,0.01482453
876,0.015529525
877,0.017026113
878,0.014874616
879,0.012380921
880,0.01600051
881,0.014134616
882,0.024798993
883,0.01157643
884,0.0147671625
885,0.013148343
886,0.011929559
887,0.0131131895
888,0.029153824
889,0.011846891
890,0.013116417
891,0.013524337
892,0.0133202
893,0.012724453
894,0.012982049
895,0.018311728
896,0.0139163565
897,0.012885477
898,0.0124118645
899,0.011984131
900,0.013063192
901,0.011163369
902,0.011684858
903,0.014001834
904,0.011713335
905,0.014404502
906,0.013760517
907,0.011405563
908,0.012273121
909,0.01115726
910,0.01175298
911,0.01207614
912,0.018109443
913,0.021646123
914,0.0114061795
915,0.011812767
916,0.01652666
917,0.014492982
918,0.011836179
919,0.012573739
920,0.014122528
921,0.01819222
922,0.011676424
923,0.012079638
924,0.0143946055
925,0.012500355
926,0.012594848
927,0.01263283
928,0.015200848
929,0.014363563
930,0.01231675
931,0.013353714
932,0.015575107
933,0.011574371
934,0.01468715
935,0.016133644
936,0.018719193
937,0.013231786
938,0.015299644
939,0.0137113985
940,0.013391461
941,0.016727407
942,0.012074439
943,0.0109645035
944,0.014783675
945,0.014769008
946,0.0120334355
947,0.01179473
948,0.013109099
949,0.014548326
950,0.018081311
951,0.01165182
952,0.011424421
953,0.01685344
954,0.013863211
955,0.0131526925
956,0.014091359
957,0.012090043
958,0.01270601
959,0.012258253
960,0.024348915
961,0.018112335
962,0.011356573
963,0.012615107
964,0.012070566
965,0.011872535
966,0.0136609
967,0.016912054
968,0.0114341
969,0.012152201
970,0.012587961
971,0.012745522
972,0.014614645
973,0.01279456
974,0.013864277
975,0.01328192
976,0.012202259
977,0.01116364
978,0.017285233
979,0.015827311
980,0.011151971
981,0.01315432
982,0.012817735
983,0.012026644
984,0.01395149
985,0.015633725
986,0.011545179
987,0.013278751
988,0.011506921
989,0.011641161
990,0.016588429
991,0.01161005
992,0.013603968
993,0.011951068
994,0.015130597
995,0.012785574
996,0.017878138
997,0.014950035
998,0.011519088
999,0.02282016
1000,0.01218306
1001,0.016460704
1002,0.017235724
1003,0.012901801
1004,0.013502183
1005,0.015332956
1006,0.016316734
1007,0.014440742
1008,0.016172502
1009,0.036594994
1010,0.01591136
1011,0.011722282
1012,0.0123668965
1013,0.021142952
1014,0.01221953
1015,0.028577069
1016,0.012893889
1017,0.014130963
1018,0.021287862
1019,0.013469981
1020,0.014998736
1021,0.0144362245
1022,0.015436434
1023,0.015902465
1024,0.015630584
1025,0.015571145
1026,0.016693875
1027,0.011878775
1028,0.022311734
1029,0.013397163
1030,0.01339264
1031,0.011951739
1032,0.02068344
1033,0.014582668
1034,0.013666368
1035,0.013814162
1036,0.011894
1037,0.01700158
1038,0.016057968
1039,0.017166577
1040,0.011620805
1041,0.01509451
1042,0.016324198
1043,0.012797205
1044,0.01430673
1045,0.013639484
1046,0.012468517
1047,0.014918286
1048,0.012863472
1049,0.013054342
1050,0.01179042
1051,0.012805893
1052,0.020821612
1053,0.014497059
1054,0.017934129
1055,0.012884617
1056,0.011699591
1057,0.017238704
1058,0.01550076
1059,0.021173542
1060,0.012916349
1061,0.016150892
1062,0.048166573
1063,0.012691305
1064,0.022769611
1065,0.014175812
1066,0.012702328
1067,0.012015415
1068,0.015687015
1069,0.01246199
1070,0.012124056
1071,0.013597958
1072,0.015681276
1073,0.014658887
1074,0.016041145
1075,0.015947886
1076,0.0119383745
1077,0.011635039
1078,0.012176805
1079,0.014846083
1080,0.014289413
1081,0.012329842
1082,0.012950825
1083,0.016589396
1084,0.012307226
1085,0.025756631
1086,0.012414669
1087,0.011892407
1088,0.014971486
1089,0.014271492
1090,0.011302467
1091,0.016444452
1092,0.01735404
1093,0.013293851
1094,0.012189176
1095,0.012945222
1096,0.014939385
1097,0.017300738
1098,0.015244419
1099,0.014491208
1100,0.012459644
1101,0.019172987
1102,0.012365572
1103,0.012203006
1104,0.019349705
1105,0.015264044
1106,0.011886077
1107,0.012871359
1108,0.013245481
1109,0.013262322
1110,0.011729985
1111,0.016763046
1112,0.013261039
1113,0.013678459
1114,0.013572548
1115,0.011751386
1116,0.015032639
1117,0.015797293
1118,0.012083824
1119,0.012346223
1120,0.0126324
1121,0.012361297
1122,0.013114495
1123,0.01756564
1124,0.013360936
1125,0.012078033
1126,0.011420947
1127,0.01774384
1128,0.0136484215
1129,0.013289579
1130,0.013424383
1131,0.012105468
1132,0.012299109
1133,0.011327356
1134,0.011406537
1135,0.01314298
1136,0.012327726
1137,0.015105556
1138,0.015158694
1139,0.011408583
1140,0.02416218
1141,0.01492513
1142,0.012333792
1143,0.015167084
1144,0.011898387
1145,0.013005023
1146,0.013489462
1147,0.012559292
1148,0.012198641
1149,0.0124955885
1150,0.016295414
1151,0.011386264
1152,0.012714054
1153,0.012267159
1154,0.012467256
1155,0.017036462
1156,0.013849624
1157,0.012567175
1158,0.016245581
1159,0.012730987
1160,0.011294098
1161,0.011725897
1162,0.011827703
1163,0.030446028
1164,0.012043361
1165,0.0115213925
1166,0.012390946
1167,0.011100759
1168,0.011813678
1169,0.014568516
1170,0.012699831
1171,0.015892947
1172,0.013863869
1173,0.0207371
1174,0.01730524
1175,0.016010989
1176,0.013596665
1177,0.014315794
1178,0.012360898
1179,0.011365026
1180,0.012548134
1181,0.01467894
1182,0.0117110545
1183,0.012840942
1184,0.013739109
1185,0.016629817
1186,0.025977813
1187,0.011963339
1188,0.0119163245
1189,0.012174793
1190,0.016154207
1191,0.012223275
1192,0.014035615
1193,0.02111344
1194,0.013802605
1195,0.013549179
1196,0.014054732
1197,0.018754862
1198,0.016070802
1199,0.012018825
1200,0.013726867
1201,0.015306988
1202,0.011667217
1203,0.014403363
1204,0.012466196
1205,0.016769297
1206,0.012588071
1207,0.019330278
1208,0.013972557
1209,0.01389295
1210,0.01184755
1211,0.012490859
1212,0.0125574
1213,0.011694195
1214,0.016170556
1215,0.012619332
1216,0.012518423
1217,0.012490288
1218,0.013243226
1219,0.012210146
1220,0.012539071
1221,0.015410045
1222,0.014205421
1223,0.011401532
1224,0.013870437
1225,0.011763465
1226,0.01478925
1227,0.013364907
1228,0.013047373
1229,0.011914761
1230,0.013210991
1231,0.013533794
1232,0.011653946
1233,0.012018559
1234,0.011720563
1235,0.011727134
1236,0.012292877
1237,0.012156578
1238,0.013264686
1239,0.011318382
1240,0.0124686975
1241,0.014414837
1242,0.013162799
1243,0.010987357
1244,0.025606338
1245,0.03806879
1246,0.016863596
1247,0.01377417
1248,0.020053726
1249,0.011613053
1250,0.015545168
1251,0.013386503
1252,0.07704936
1253,0.01929439
1254,0.01227683
1255,0.014910212
1256,0.021467831
1257,0.018345678
1258,0.015199239
1259,0.012495901
1260,0.01914648
1261,0.013464706
1262,0.021052672
1263,0.014529189
1264,0.01313292
1265,0.012674858
1266,0.011589368
1267,0.020485386
1268,0.025804635
1269,0.011216006
1270,0.011746613
1271,0.012920862
1272,0.012276841
1273,0.011518671
1274,0.0206438
1275,0.01175809
1276,0.012840815
1277,0.012554676
1278,0.012850552
1279,0.011664428
1280,0.012579319
1281,0.012926842
1282,0.015975581
1283,0.014545952
1284,0.01200203
1285,0.011563652
1286,0.019619875
1287,0.015319429
1288,0.011473459
1289,0.014206355
1290,0.013008794
1291,0.014418063
1292,0.011681503
1293,0.029506076
1294,0.01121393
1295,0.011666494
1296,0.013491559
1297,0.012707863
1298,0.01449318
1299,0.01647668
1300,0.014265677
1301,0.017162755
1302,0.022196079
1303,0.011669109
1304,0.013584005
1305,0.011340029
1306,0.014927567
1307,0.014015794
1308,0.012894041
1309,0.013356542
1310,0.015580002
1311,0.014737215
1312,0.011210492
1313,0.014038648
1314,0.014147056
1315,0.015432915
1316,0.0130918175
1317,0.011128612
1318,0.011269396
1319,0.032029543
1320,0.011576194
1321,0.013097307
1322,0.013659889
1323,0.012247717
1324,0.010965699
1325,0.02091386
1326,0.011595191
1327,0.012848097
1328,0.0110594835
1329,0.014195332
1330,0.012296502
1331,0.016315239
1332,0.022342255
1333,0.012546182
1334,0.012902694
1335,0.012942961
1336,0.014014016
1337,0.0128624085
1338,0.012500506
1339,0.013760536
1340,0.019098187
1341,0.01811086
1342,0.012999501
1343,0.018137274
1344,0.011896427
1345,0.022931635
1346,0.014781638
1347,0.012182565
1348,0.012667468
1349,0.015302559
1350,0.013027441
1351,0.014800718
1352,0.0121827815
1353,0.017987795
1354,0.012320866
1355,0.010822393
1356,0.011217551
1357,0.012064418
1358,0.015593339
1359,0.012586395
1360,0.011748524
1361,0.012075629
1362,0.01268165
1363,0.014327439
1364,0.0117801055
1365,0.0111855995
1366,0.019316569
1367,0.020193461
1368,0.012348581
1369,0.011527217
1370,0.014315485
1371,0.01182658
1372,0.011996489
1373,0.014450464
1374,0.013502872
1375,0.01696173
1376,0.011596337
1377,0.014073325
1378,0.015957553
1379,0.0115625765
1380,0.017225578
1381,0.014544245
1382,0.0143570425
1383,0.011399874
1384,0.012249405
1385,0.018345539
1386,0.03951816
1387,0.015118513
1388,0.012336172
1389,0.011581834
1390,0.022047453
1391,0.025530966
1392,0.011280353
1393,0.015456767
1394,0.015696729
1395,0.014175993
1396,0.013048303
1397,0.015055839
1398,0.0116732875
1399,0.011979119
1400,0.015718896
1401,0.011566557
1402,0.011817532
1403,0.020045927
1404,0.013436849
1405,0.013234125
1406,0.011904452
1407,0.011160003
1408,0.011384103
1409,0.019723237
1410,0.011644597
1411,0.014416996
1412,0.01347296
1413,0.017060244
1414,0.013989037
1415,0.013896063
1416,0.01735903
1417,0.012019647
1418,0.015865434
1419,0.012528041
1420,0.012551526
1421,0.011395127
1422,0.012356053
1423,0.014761219
1424,0.017174324
1425,0.023898054
1426,0.011448188
1427,0.012156831
1428,0.012141846
1429,0.012108984
1430,0.014136227
1431,0.015168447
1432,0.015220507
1433,0.010976979
1434,0.011066178
1435,0.0143481605
1436,0.015429655
1437,0.013415389
1438,0.017858302
1439,0.013272087
1440,0.01786586
1441,0.017508658
1442,0.01286853
1443,0.029761434
1444,0.013360836
1445,0.014112772
1446,0.013614214
1447,0.011750166
1448,0.017719679
1449,0.016051587
1450,0.014722817
1451,0.014955087
1452,0.016088635
1453,0.010825085
1454,0.012476455
1455,0.012789828
1456,0.011106344
1457,0.011937488
1458,0.018683946
1459,0.018887255
1460,0.011706542
1461,0.013860243
1462,0.018684527
1463,0.013246887
1464,0.014912594
1465,0.01109428
1466,0.013182432
1467,0.017183915
1468,0.011162248
1469,0.017159589
1470,0.014410473
1471,0.016144957
1472,0.015146524
1473,0.010872379
1474,0.013647084
1475,0.011447957
1476,0.0112926345
1477,0.0110719595
1478,0.013353718
1479,0.021525873
1480,0.01775292
1481,0.011961674
1482,0.013891531
1483,0.014355857
1484,0.0128909405
1485,0.016103543
1486,0.012625755
1487,0.011195353
1488,0.011767453
1489,0.013692141
1490,0.011430041
1491,0.012348537
1492,0.014223489
1493,0.015032928
1494,0.017958675
1495,0.013182918
1496,0.015108205
1497,0.011439401
1498,0.012761775
1499,0.0125745125
1500,0.01237708
1501,0.016172148
1502,0.011110084
1503,0.012582181
1504,0.012391321
1505,0.012142387
1506,0.012770155
1507,0.017358758
1508,0.01218435
1509,0.018157482
1510,0.010412684
1511,0.012976428
1512,0.017443802
1513,0.014991196
1514,0.01302563
1515,0.014520542
1516,0.01653923
1517,0.012519354
1518,0.014850215
1519,0.016311724
1520,0.0112901665
1521,0.019651815
1522,0.0126577085
1523,0.014813323
1524,0.012362401
1525,0.013847477
1526,0.012474487
1527,0.016838217
1528,0.011396769
1529,0.025161324
1530,0.011798296
1531,0.0120958565
1532,0.017388366
1533,0.01576859
1534,0.011526424
1535,0.013777301
1536,0.014360826
1537,0.018091798
1538,0.016901484
1539,0.02767963
1540,0.011619424
1541,0.011851722
1542,0.014175577
1543,0.0133261075
1544,0.017659772
1545,0.014110345
1546,0.013046542
1547,0.01602362
1548,0.012531168
1549,0.037964635
1550,0.011233347
1551,0.011523407
1552,0.011453358
1553,0.017466797
1554,0.013473867
1555,0.020525152
1556,0.011610349
1557,0.013720278
1558,0.011109489
1559,0.012504643
1560,0.012638569
1561,0.010770174
1562,0.017347317
1563,0.014154512
1564,0.01315918
1565,0.017561346
1566,0.011016443
1567,0.011830751
1568,0.028194048
1569,0.010753984
1570,0.018699333
1571,0.012801859
1572,0.01371217
1573,0.01252218
1574,0.011331424
1575,0.01599672
1576,0.010893906
1577,0.011224772
1578,0.014497991
1579,0.014721516
1580,0.01655564
1581,0.010708071
1582,0.011924874
1583,0.012811758
1584,0.014748441
1585,0.0112501085
1586,0.011725968
1587,0.011331547
1588,0.011524637
1589,0.011862419
1590,0.01136246
1591,0.01738352
1592,0.014090177
1593,0.014100399
1594,0.015120737
1595,0.012154017
1596,0.011484863
1597,0.012458949
1598,0.011347261
1599,0.011615531
1600,0.01749132
1601,0.011669602
1602,0.011124862
1603,0.011135969
1604,0.018640902
1605,0.011748548
1606,0.011573678
1607,0.012233572
1608,0.015281133
1609,0.011718496
1610,0.011544418
1611,0.011582321
1612,0.0114809275
1613,0.0106398845
1614,0.012580359
1615,0.0142549
1616,0.011321401
1617,0.011065289
1618,0.012414917
1619,0.014702939
1620,0.018682286
1621,0.0145181045
1622,0.011958036
1623,0.014349447
1624,0.01170894
1625,0.012074716
1626,0.013292817
1627,0.011902178
1628,0.010959555
1629,0.010669066
1630,0.018472617
1631,0.0173776
1632,0.019778376
1633,0.011657545
1634,0.017915066
1635,0.02049481
1636,0.018085813
1637,0.019258562
1638,0.014803066
1639,0.013120663
1640,0.01719454
1641,0.0121326605
1642,0.018665181
1643,0.014249534
1644,0.013895164
1645,0.032463446
1646,0.011715783
1647,0.015168181
1648,0.011392462
1649,0.012963125
1650,0.016879845
1651,0.0141882
1652,0.018046886
1653,0.02360078
1654,0.014878318
1655,0.0130966725
1656,0.011579912
1657,0.010632107
1658,0.011033996
1659,0.013990629
1660,0.027866738
1661,0.012104446
1662,0.011797071
1663,0.012090162
1664,0.01614648
1665,0.012600013
1666,0.018332534
1667,0.018998433
1668,0.012798278
1669,0.011012559
1670,0.019513272
1671,0.028275825
1672,0.010695729
1673,0.014693802
1674,0.014259235
1675,0.013590558
1676,0.0336678
1677,0.030513585
1678,0.014743373
1679,0.010764832
1680,0.011805588
1681,0.0128604695
1682,0.013223611
1683,0.013949888
1684,0.012994242
1685,0.0109365815
1686,0.010957203
1687,0.012779621
1688,0.011496214
1689,0.011438025
1690,0.013279182
1691,0.014017938
1692,0.012281511
1693,0.0130664045
1694,0.013845226
1695,0.0135801425
1696,0.012210727
1697,0.011968114
1698,0.012759562
1699,0.012466546
1700,0.018282665
1701,0.021720741
1702,0.013221126
1703,0.011954595
1704,0.011632185
1705,0.012646761
1706,0.012654636
1707,0.019939166
1708,0.014343136
1709,0.020448014
1710,0.011690906
1711,0.013173306
1712,0.01290429
1713,0.0132841505
1714,0.025610717
1715,0.011923552
1716,0.015676104
1717,0.010971034
1718,0.011634685
1719,0.0111772325
1720,0.011795772
1721,0.015925016
1722,0.015841678
1723,0.014439452
1724,0.011419573
1725,0.010976717
1726,0.015477369
1727,0.016301185
1728,0.011656692
1729,0.013698177
1730,0.018459199
1731,0.0154248485
1732,0.014898131
1733,0.013629847
1734,0.0116851395
1735,0.026118703
1736,0.010963741
1737,0.014823481
1738,0.014976929
1739,0.014204788
1740,0.010568884
1741,0.014991055
1742,0.010741114
1743,0.011386771
1744,0.011991739
1745,0.0149284545
1746,0.01336831
1747,0.013209037
1748,0.015278089
1749,0.014083786
1750,0.011185216
1751,0.01315071
1752,0.018478896
1753,0.010881111
1754,0.011011263
1755,0.0103788525
1756,0.012039471
1757,0.01242665
1758,0.011431776
1759,0.011279772
1760,0.012102344
1761,0.025936369
1762,0.025332514
1763,0.018898437
1764,0.010961235
1765,0.012363399
1766,0.012331357
1767,0.0128286155
1768,0.011934587
1769,0.012343933
1770,0.026332289
1771,0.014664497
1772,0.01344868
1773,0.015302051
1774,0.011015962
1775,0.011397557
1776,0.014091747
1777,0.012152193
1778,0.015824705
1779,0.012781178
1780,0.01182019
1781,0.0123701915
1782,0.011510279
1783,0.0121078575
1784,0.011779628
1785,0.012347985
1786,0.027327811
1787,0.011589996
1788,0.011791648
1789,0.014273059
1790,0.012524149
1791,0.015897047
1792,0.011681978
1793,0.012051859
1794,0.011936381
1795,0.013650927
1796,0.015205978
1797,0.010922211
1798,0.011153362
1799,0.02265032
1800,0.010674199
1801,0.011178572
1802,0.016791213
1803,0.015433664
1804,0.012439661
1805,0.010772527
1806,0.012601037
1807,0.017060932
1808,0.011354386
1809,0.011884447
1810,0.027041765
1811,0.019985188
1812,0.011545038
1813,0.011043841
1814,0.015561122
1815,0.011908868
1816,0.011496702
1817,0.01428845
1818,0.012873191
1819,0.013042826
1820,0.011686915
1821,0.013304283
1822,0.014274273
1823,0.012755544
1824,0.013828323
1825,0.018771268
1826,0.013637697
1827,0.011319346
1828,0.016649866
1829,0.011172711
1830,0.012783794
1831,0.01537092
1832,0.011501282
1833,0.011968136
1834,0.015130365
1835,0.011653399
1836,0.012358227
1837,0.012082908
1838,0.011074996
1839,0.012493391
1840,0.013024194
1841,0.014260348
1842,0.013748188
1843,0.0112152845
1844,0.01092231
1845,0.017036607
1846,0.012600449
1847,0.0145993065
1848,0.011503663
1849,0.011747857
1850,0.016632434
1851,0.0114248805
1852,0.013253226
1853,0.012370957
1854,0.0117071895
1855,0.011187067
1856,0.011492023
1857,0.013150989
1858,0.011865279
1859,0.015642865
1860,0.011104425
1861,0.0128568355
1862,0.014749913
1863,0.010997709
1864,0.012549864
1865,0.011063684
1866,0.0108218165
1867,0.011014421
1868,0.010606544
1869,0.01165976
1870,0.011349006
1871,0.01084454
1872,0.0127190035
1873,0.011706171
1874,0.012881924
1875,0.011974992
1876,0.011841825
1877,0.011823221
1878,0.01131935
1879,0.011550324
1880,0.013318721
1881,0.012144585
1882,0.011004494
1883,0.011756441
1884,0.010798874
1885,0.013721526
1886,0.0110933175
1887,0.017447975
1888,0.016542783
1889,0.011474888
1890,0.014700558
1891,0.027222667
1892,0.011161596
1893,0.011935076
1894,0.016957518
1895,0.010630363
1896,0.012954535
1897,0.011009766
1898,0.011232596
1899,0.011126146
1900,0.012750307
1901,0.019374568
1902,0.0110615
1903,0.011147181
1904,0.017036917
1905,0.0117958505
1906,0.010769643
1907,0.010942466
1908,0.011846406
1909,0.010978072
1910,0.011595118
1911,0.010622434
1912,0.014412325
1913,0.011352399
1914,0.011503665
1915,0.016021797
1916,0.010966323
1917,0.011337184
1918,0.011573115
1919,0.012041571
1920,0.020747868
1921,0.014900025
1922,0.011476932
1923,0.011061795
1924,0.016562892
1925,0.011204262
1926,0.017527692
1927,0.0121049415
1928,0.0108405715
1929,0.0151119325
1930,0.013429226
1931,0.012182753
1932,0.014832985
1933,0.0119834095
1934,0.0108298855
1935,0.012904127
1936,0.015131116
1937,0.011650076
1938,0.010900558
1939,0.01155265
1940,0.012493176
1941,0.010681455
1942,0.012944793
1943,0.012501522
1944,0.0111182565
1945,0.012562893
1946,0.012062853
1947,0.011390418
1948,0.010657489
1949,0.012156594
1950,0.021016043
1951,0.01275194
1952,0.018772881
1953,0.019858949
1954,0.01394239
1955,0.011458919
1956,0.013923274
1957,0.01458932
1958,0.011362999
1959,0.012168554
1960,0.014616201
1961,0.01708563
1962,0.01166487
1963,0.011584037
1964,0.016534483
1965,0.011147783
1966,0.013183678
1967,0.018649641
1968,0.017634049
1969,0.01164325
1970,0.01199733
1971,0.011865899
1972,0.011102204
1973,0.022043189
1974,0.013529539
1975,0.0113508655
1976,0.010977851
1977,0.013737772
1978,0.012103187
1979,0.013147486
1980,0.011831679
1981,0.014503025
1982,0.012085574
1983,0.011330226
1984,0.014656139
1985,0.011992706
1986,0.011130398
1987,0.011988878
1988,0.015105685
1989,0.010877211
1990,0.012149145
1991,0.01601037
1992,0.011112661
1993,0.013790649
1994,0.021678839
1995,0.0123886075
1996,0.012390779
1997,0.012474134
1998,0.011625733
1999,0.011402657
2000,0.012991665
2001,0.014200421
2002,0.012984923
2003,0.020087894
2004,0.012017409
2005,0.010684272
2006,0.018408261
2007,0.019463932
2008,0.018220961
2009,0.026528738
2010,0.011220387
2011,0.012568638
2012,0.012649136
2013,0.016000492
2014,0.013253771
2015,0.012119966
2016,0.013612155
2017,0.015152813
2018,0.011609244
2019,0.0125233205
2020,0.016536899
2021,0.011440542
2022,0.0124716405
2023,0.017756315
2024,0.021535715
2025,0.01078127
2026,0.011173609
2027,0.013307689
2028,0.011682008
2029,0.0138480775
2030,0.012118433
2031,0.01253608
2032,0.0135051105
2033,0.012911573
2034,0.021805828
2035,0.012218732
2036,0.019989852
2037,0.010599642
2038,0.011263553
2039,0.011469062
2040,0.012536218
2041,0.011634173
2042,0.012555311
2043,0.010967118
2044,0.010987282
2045,0.010346562
2046,0.011524634
2047,0.01212345
2048,0.011780843
2049,0.01797681
2050,0.013873875
2051,0.0116044395
2052,0.015025027
2053,0.01078992
2054,0.011788489
2055,0.013648362
2056,0.013728509
2057,0.011006055
2058,0.010976194
2059,0.011455123
2060,0.010784326
2061,0.012355939
2062,0.01402317
2063,0.010554134
2064,0.010815107
2065,0.011523752
2066,0.011816908
2067,0.014082527
2068,0.012466306
2069,0.011699662
2070,0.012985617
2071,0.013131272
2072,0.011253728
2073,0.011336682
2074,0.011477003
2075,0.01427932
2076,0.011187674
2077,0.011671066
2078,0.01510981
2079,0.011023034
2080,0.01891094
2081,0.011302047
2082,0.011174297
2083,0.010634565
2084,0.01355789
2085,0.010306442
2086,0.013711063
2087,0.012208216
2088,0.0111627
2089,0.013885276
2090,0.012780465
2091,0.011964672
2092,0.0107452115
2093,0.013836669
2094,0.01044423
2095,0.013442319
2096,0.0129127195
2097,0.010796872
2098,0.0106110005
2099,0.013149546
2100,0.01098416
2101,0.01320974
2102,0.011663233
2103,0.015081754
2104,0.011394359
2105,0.013039176
2106,0.010544044
2107,0.012338876
2108,0.013422938
2109,0.01120015
2110,0.011443693
2111,0.012123712
2112,0.011913013
2113,0.0154478345
2114,0.011416456
2115,0.011138637
2116,0.013069171
2117,0.01083809
2118,0.013502842
2119,0.013145303
2120,0.012582574
2121,0.013647365
2122,0.011099235
2123,0.0190356
2124,0.0115571
2125,0.011565501
2126,0.019467298
2127,0.010939993
2128,0.013395793
2129,0.013484433
2130,0.012758388
2131,0.011078995
2132,0.012076999
2133,0.012014795
2134,0.013336745
2135,0.011024737
2136,0.010711977
2137,0.011252484
2138,0.01074458
2139,0.010712301
2140,0.011214599
2141,0.011648406
2142,0.012624581
2143,0.014661733
2144,0.011016058
2145,0.012018789
2146,0.010835104
2147,0.011031147
2148,0.0137178395
2149,0.017367087
2150,0.013060454
2151,0.015243837
2152,0.011751366
2153,0.012165114
2154,0.0118568
2155,0.01161161
2156,0.011075726
2157,0.012846551
2158,0.012307622
2159,0.02686311
2160,0.016285708
2161,0.012173993
2162,0.011378221
2163,0.014668256
2164,0.011513852
2165,0.010739225
2166,0.012318255
2167,0.034194797
2168,0.01220403
2169,0.013179006
2170,0.010680075
2171,0.011765305
2172,0.011652295
2173,0.015387312
2174,0.011415606
2175,0.011099593
2176,0.01270324
2177,0.014472816
2178,0.014622104
2179,0.011311064
2180,0.014542464
2181,0.014725919
2182,0.011528842
2183,0.011051143
2184,0.0126546025
2185,0.010740762
2186,0.01329457
2187,0.011142593
2188,0.013310381
2189,0.021301169
2190,0.011838617
2191,0.011791507
2192,0.01364366
2193,0.010702891
2194,0.012543026
2195,0.017556861
2196,0.016535215
2197,0.012146808
2198,0.011012639
2199,0.0112264585
2200,0.025028948
2201,0.013803914
2202,0.013855236
2203,0.010599783
2204,0.01391026
2205,0.011329181
2206,0.010828943
2207,0.013914318
2208,0.011434463
2209,0.010977107
2210,0.01066919
2211,0.011063791
2212,0.011895511
2213,0.011576551
2214,0.012704993
2215,0.012101611
2216,0.01799918
2217,0.01104694
2218,0.013639265
2219,0.013925174
2220,0.012345551
2221,0.011375474
2222,0.012619548
2223,0.0142915705
2224,0.011124529
2225,0.013039998
2226,0.013019979
2227,0.011383932
2228,0.019137342
2229,0.011844125
2230,0.012227248
2231,0.010884057
2232,0.011504891
2233,0.01322366
2234,0.011821732
2235,0.010691358
2236,0.013158011
2237,0.011615197
2238,0.010786797
2239,0.013696562
2240,0.016917987
2241,0.015275723
2242,0.010811772
2243,0.010955176
2244,0.016437305
2245,0.012088984
2246,0.013077103
2247,0.011194922
2248,0.010598175
2249,0.018321272
2250,0.011945965
2251,0.012181712
2252,0.014226883
2253,0.016900133
2254,0.011148707
2255,0.011535024
2256,0.013314802
2257,0.010518822
2258,0.010516789
2259,0.011736207
2260,0.011143777
2261,0.012287233
2262,0.011323137
2263,0.01153832
2264,0.012657857
2265,0.011640023
2266,0.036502823
2267,0.015316309
2268,0.011441535
2269,0.011730984
2270,0.011512032
2271,0.010571612
2272,0.011580117
2273,0.011747378
2274,0.018552845
2275,0.01131782
2276,0.014509318
2277,0.01925535
2278,0.01426037
2279,0.013809916
2280,0.019650519
2281,0.011853095
2282,0.013723214
2283,0.016189829
2284,0.01591338
2285,0.011865136
2286,0.011089873
2287,0.01384774
2288,0.012126804
2289,0.012271466
2290,0.0146103455
2291,0.025021117
2292,0.017080475
2293,0.03677869
2294,0.0131286075
2295,0.0138967475
2296,0.013704384
2297,0.011801286
2298,0.02620048
2299,0.012152084
2300,0.018261392
2301,0.0159244
2302,0.022697559
2303,0.013569719
2304,0.011233657
2305,0.012405577
2306,0.026662726
2307,0.024425581
2308,0.014051042
2309,0.017543644
2310,0.016607337
2311,0.013075417
2312,0.012950193
2313,0.013067426
2314,0.010909293
2315,0.014026304
2316,0.0115657095
2317,0.011655306
2318,0.02726386
2319,0.020678729
2320,0.015612244
2321,0.012855977
2322,0.017721912
2323,0.013859108
2324,0.010968206
2325,0.012703326
2326,0.019767016
2327,0.012100994
2328,0.0106755365
2329,0.014023396
2330,0.012051884
2331,0.021558378
2332,0.014621077
2333,0.0114590805
2334,0.010772573
2335,0.0114432555
2336,0.013609871
2337,0.012359911
2338,0.013282463
2339,0.014093395
2340,0.011944868
2341,0.013179463
2342,0.011023489
2343,0.012591656
2344,0.012661016
2345,0.018022655
2346,0.012221096
2347,0.017606068
2348,0.0125774965
2349,0.017782705
2350,0.010769533
2351,0.011763116
2352,0.011977805
2353,0.0113019785
2354,0.010671585
2355,0.017490963
2356,0.011700828
2357,0.010690863
2358,0.014310472
2359,0.01183968
2360,0.014170477
2361,0.011380766
2362,0.013490206
2363,0.012825316
2364,0.012511672
2365,0.012476248
2366,0.011567671
2367,0.01135833
2368,0.011485228
2369,0.010843446
2370,0.011366414
2371,0.011140547
2372,0.010885199
2373,0.011776915
2374,0.013587372
2375,0.0116904415
2376,0.010581944
2377,0.013049253
2378,0.011209206
2379,0.011285421
2380,0.012141606
2381,0.012005878
2382,0.011582487
2383,0.017719362
2384,0.020980962
2385,0.010793109
2386,0.011511874
2387,0.01197584
2388,0.01779341
2389,0.010758126
2390,0.012865232
2391,0.013074929
2392,0.01056982
2393,0.013345998
2394,0.011150719
2395,0.011785089
2396,0.014978905
2397,0.01379015
2398,0.012394762
2399,0.011044089
2400,0.01275681
2401,0.0120980535
2402,0.010913227
2403,0.042821728
2404,0.013507243
2405,0.010891153
2406,0.012018206
2407,0.011148389
2408,0.012514438
2409,0.016101955
2410,0.011410292
2411,0.012605162
2412,0.018237349
2413,0.010507563
2414,0.023101766
2415,0.012687452
2416,0.014632315
2417,0.011330774
2418,0.012170539
2419,0.01236069
2420,0.014721969
2421,0.012767673
2422,0.013683697
2423,0.024788091
2424,0.015138763
2425,0.0140950885
2426,0.011578243
2427,0.016236514
2428,0.011608869
2429,0.012261521
2430,0.01241281
2431,0.012531578
2432,0.013524225
2433,0.013785819
2434,0.013786519
2435,0.0118435575
2436,0.012777323
2437,0.012521983
2438,0.020824656
2439,0.011044975
2440,0.011953369
2441,0.012255169
2442,0.012671511
2443,0.010971911
2444,0.016210355
2445,0.011346079
2446,0.010772538
2447,0.017521717
2448,0.011848588
2449,0.013170849
2450,0.015168038
2451,0.015745189
2452,0.01317969
2453,0.011248231
2454,0.011623817
2455,0.011311936
2456,0.012790227
2457,0.013878042
2458,0.014060275
2459,0.012395087
2460,0.01166697
2461,0.010938626
2462,0.011193509
2463,0.012611913
2464,0.011252153
2465,0.013994102
2466,0.01216903
2467,0.012282288
2468,0.012710036
2469,0.011451782
2470,0.013153663
2471,0.011181762
2472,0.015205983
2473,0.01148746
2474,0.011030892
2475,0.01198071
2476,0.012698856
2477,0.011273716
2478,0.014019681
2479,0.0109892255
2480,0.012174053
2481,0.01148616
2482,0.011005789
2483,0.010982817
2484,0.018830951
2485,0.018959623
2486,0.01149775
2487,0.010760959
2488,0.01142012
2489,0.010943602
2490,0.012399332
2491,0.012332117
2492,0.015397914
2493,0.01143308
2494,0.01730562
2495,0.018491179
2496,0.019368738
2497,0.012494307
2498,0.011184713
2499,0.012988087
2500,0.014443189
2501,0.012198774
2502,0.01390843
2503,0.021767203
2504,0.01106386
2505,0.010670652
2506,0.011733039
2507,0.011611702
2508,0.010875131
2509,0.011351901
2510,0.010818031
2511,0.012502671
2512,0.013696977
2513,0.01136943
2514,0.012251421
2515,0.010863013
2516,0.018194601
2517,0.010933294
2518,0.016022192
2519,0.013125561
2520,0.011033716
2521,0.013746957
2522,0.011296752
2523,0.0123949
2524,0.0142894965
2525,0.012069652
2526,0.013314353
2527,0.015861131
2528,0.011417003
2529,0.015792912
2530,0.011260852
2531,0.01257871
2532,0.016978657
2533,0.012340967
2534,0.01422346
2535,0.011499144
2536,0.016635314
2537,0.0108191855
2538,0.02206844
2539,0.013129854
2540,0.014314396
2541,0.013109907
2542,0.01117872
2543,0.010896262
2544,0.011222789
2545,0.010748796
2546,0.012124294
2547,0.011005416
2548,0.015515929
2549,0.012295333
2550,0.019227695
2551,0.011998669
2552,0.018376159
2553,0.013067314
2554,0.03589771
2555,0.010477489
2556,0.013954463
2557,0.013722473
2558,0.011129062
2559,0.015746335
2560,0.014630809
2561,0.01150127
2562,0.013231466
2563,0.010840983
2564,0.017232658
2565,0.011219042
2566,0.013020248
2567,0.013527842
2568,0.017162032
2569,0.010972119
2570,0.0112143
2571,0.010545352
2572,0.0117279645
2573,0.012271545
2574,0.015409535
2575,0.011414894
2576,0.012173998
2577,0.011803784
2578,0.010993394
2579,0.025904857
2580,0.0121740475
2581,0.012725058
2582,0.011256946
2583,0.014632138
2584,0.013177032
2585,0.016589586
2586,0.012119549
2587,0.020467019
2588,0.011316675
2589,0.012935176
2590,0.010574305
2591,0.011743504
2592,0.014899338
2593,0.010489951
2594,0.012701345
2595,0.011023829
2596,0.013936658
2597,0.012721935
2598,0.010680296
2599,0.010899038
2600,0.01296864
2601,0.01098855
2602,0.011668932
2603,0.011534131
2604,0.011257554
2605,0.013029657
2606,0.012548546
2607,0.012249085
2608,0.01543853
2609,0.01387937
2610,0.013206601
2611,0.011422159
2612,0.011354019
2613,0.018425189
2614,0.0105847865
2615,0.011061021
2616,0.01063706
2617,0.010679889
2618,0.011434079
2619,0.01111612
2620,0.013039038
2621,0.012570469
2622,0.012338303
2623,0.011827429
2624,0.012492119
2625,0.0107189305
2626,0.011088766
2627,0.01071212
2628,0.013079012
2629,0.011249257
2630,0.01171631
2631,0.01081179
2632,0.010633082
2633,0.014173901
2634,0.011669267
2635,0.010731494
2636,0.012059263
2637,0.010456616
2638,0.012889609
2639,0.011436719
2640,0.010850009
2641,0.011732626
2642,0.012438134
2643,0.011335955
2644,0.0119512845
2645,0.0123229
2646,0.013554702
2647,0.01274612
2648,0.012351077
2649,0.012212928
2650,0.010906752
2651,0.013916124
2652,0.011725602
2653,0.012296739
2654,0.012562469
2655,0.011099423
2656,0.011495626
2657,0.010866459
2658,0.012333529
2659,0.012435243
2660,0.021801103
2661,0.013460078
2662,0.011304872
2663,0.020845644
2664,0.015534156
2665,0.010995191
2666,0.01398244
2667,0.012273701
2668,0.012611397
2669,0.010710571
2670,0.010679708
2671,0.011746304
2672,0.010716148
2673,0.011215771
2674,0.015676562
2675,0.012152363
2676,0.0123173045
2677,0.015948199
2678,0.011350453
2679,0.011090239
2680,0.012614038
2681,0.012203509
2682,0.011780677
2683,0.011546444
2684,0.011216882
2685,0.012398004
2686,0.010996669
2687,0.013673334
2688,0.01620832
2689,0.011751689
2690,0.012862075
2691,0.014166806
2692,0.011267044
2693,0.012938148
2694,0.010643821
2695,0.01615735
2696,0.011018243
2697,0.014506229
2698,0.011019834
2699,0.011336561
2700,0.013053728
2701,0.015158629
2702,0.01189293
2703,0.010990737
2704,0.017910615
2705,0.024155077
2706,0.012975565
2707,0.010633519
2708,0.012709894
2709,0.017534994
2710,0.013156129
2711,0.016467728
2712,0.015019855
2713,0.011477495
2714,0.011533753
2715,0.012207029
2716,0.012122908
2717,0.011362041
2718,0.01144844
2719,0.011015413
2720,0.012166664
2721,0.018730015
2722,0.010671235
2723,0.014699727
2724,0.015419849
2725,0.01453877
2726,0.015024059
2727,0.01604739
2728,0.01291902
2729,0.0140209915
2730,0.012846971
2731,0.0115624815
2732,0.0126370005
2733,0.012065509
2734,0.013763021
2735,0.0116815325
2736,0.015236568
2737,0.011258012
2738,0.024362974
2739,0.011543743
2740,0.0107543245
2741,0.0110639
2742,0.014693119
2743,0.013938108
2744,0.011901756
2745,0.0147648305
2746,0.013340023
2747,0.012680713
2748,0.011026192
2749,0.013786761
2750,0.016557366
2751,0.017078973
2752,0.012661878
2753,0.011044464
2754,0.01237011
2755,0.011911396
2756,0.01265408
2757,0.014203165
2758,0.012598442
2759,0.012653554
2760,0.0121451905
2761,0.01786684
2762,0.015350927
2763,0.017271401
2764,0.011793189
2765,0.012138611
2766,0.019311674
2767,0.01239881
2768,0.011394985
2769,0.010682816
2770,0.010507209
2771,0.010892936
2772,0.010515441
2773,0.011571727
2774,0.012528783
2775,0.011538278
2776,0.012241365
2777,0.011789218
2778,0.010666087
2779,0.011392054
2780,0.058871403
2781,0.010805639
2782,0.015569674
2783,0.012104981
2784,0.011655752
2785,0.012393425
2786,0.011332734
2787,0.014757838
2788,0.012902357
2789,0.010449205
2790,0.015447691
2791,0.015793676
2792,0.010789729
2793,0.011260798
2794,0.010554648
2795,0.016766025
2796,0.012823669
2797,0.01184507
2798,0.043054365
2799,0.011233057
2800,0.010833076
2801,0.014168793
2802,0.011654666
2803,0.013052617
2804,0.011586096
2805,0.011470952
2806,0.01194588
2807,0.011832034
2808,0.011277582
2809,0.011785079
2810,0.012659179
2811,0.013736477
2812,0.012228737
2813,0.014418969
2814,0.013510419
2815,0.011105285
2816,0.011357812
2817,0.01320882
2818,0.011073185
2819,0.011209139
2820,0.0143102985
2821,0.011256057
2822,0.011102083
2823,0.010753658
2824,0.018785592
2825,0.019338418
2826,0.011136743
2827,0.011301198
2828,0.011481267
2829,0.011953876
2830,0.011512401
2831,0.014034447
2832,0.011500355
2833,0.011802681
2834,0.012310923
2835,0.011459194
2836,0.011830166
2837,0.017657591
2838,0.0137954485
2839,0.012207731
2840,0.011674368
2841,0.010923002
2842,0.010806144
2843,0.018993413
2844,0.013431065
2845,0.010630005
2846,0.0115693705
2847,0.013012055
2848,0.013519095
2849,0.012129128
2850,0.015014504
2851,0.011172886
2852,0.013931416
2853,0.011068282
2854,0.010701179
2855,0.011590676
2856,0.011559497
2857,0.01109379
2858,0.010790878
2859,0.016181173
2860,0.012335494
2861,0.010627338
2862,0.010636526
2863,0.01639527
2864,0.011028479
2865,0.011488853
2866,0.011858257
2867,0.014669588
2868,0.011937858
2869,0.011447565
2870,0.014842755
2871,0.011103283
2872,0.012810345
2873,0.01204164
2874,0.01108727
2875,0.010635219
2876,0.011158971
2877,0.014347626
2878,0.01714545
2879,0.031658094
2880,0.015591968
2881,0.011140804
2882,0.011821587
2883,0.01140174
2884,0.011512077
2885,0.011222567
2886,0.0115856165
2887,0.017075378
2888,0.012868231
2889,0.019935573
2890,0.0136627555
2891,0.012973756
2892,0.012026227
2893,0.010797476
2894,0.011780353
2895,0.016603224
2896,0.012390802
2897,0.011147648
2898,0.012195041
2899,0.011593038
2900,0.0107429465
2901,0.011561488
2902,0.01568029
2903,0.016009387
2904,0.011135284
2905,0.011106633
2906,0.010976127
2907,0.022720123
2908,0.011596098
2909,0.0116597675
2910,0.012705391
2911,0.010788858
2912,0.011606074
2913,0.011283898
2914,0.011587571
2915,0.0134205725
2916,0.015333673
2917,0.011240333
2918,0.0119821355
2919,0.01115186
2920,0.011199752
2921,0.011581956
2922,0.011236948
2923,0.014897968
2924,0.020779228
2925,0.011934182
2926,0.010918248
2927,0.014134062
2928,0.016021542
2929,0.010519004
2930,0.0114447465
2931,0.01050678
2932,0.011951369
2933,0.019554265
2934,0.013141387
2935,0.011105968
2936,0.014069051
2937,0.011964469
2938,0.010967189
2939,0.013394109
2940,0.011416004
2941,0.011623729
2942,0.0132569745
2943,0.010664962
2944,0.010551985
2945,0.012402905
2946,0.013291351
2947,0.011773851
2948,0.011492932
2949,0.019395156
2950,0.011581392
2951,0.0139157
2952,0.012591509
2953,0.014335875
2954,0.021444988
2955,0.011372123
2956,0.010722892
2957,0.010518719
2958,0.011962015
2959,0.013085661
2960,0.012014237
2961,0.010487056
2962,0.012057871
2963,0.011996906
2964,0.012048242
2965,0.011673653
2966,0.010707023
2967,0.011751911
2968,0.014822394
2969,0.013150928
2970,0.015322266
2971,0.010850353
2972,0.0134657435
2973,0.011872779
2974,0.013983483
2975,0.011361718
2976,0.018815368
2977,0.011538061
2978,0.012085637
2979,0.011583279
2980,0.014611747
2981,0.012987336
2982,0.010264419
2983,0.016264271
2984,0.010690065
2985,0.015445085
2986,0.013394797
2987,0.011523546
2988,0.011730935
2989,0.0113337105
2990,0.011049108
2991,0.015046677
2992,0.010924378
2993,0.011480033
2994,0.013050403
2995,0.011460651
2996,0.010799485
2997,0.010819539
2998,0.014318327
2999,0.012896574
3000,0.010486944
3001,0.011498985
3002,0.011483725
3003,0.010608885
3004,0.011216526
3005,0.010691923
3006,0.012222357
3007,0.018868616
3008,0.022566412
3009,0.010373268
3010,0.010841536
3011,0.010896934
3012,0.010617587
3013,0.010593949
3014,0.010734396
3015,0.014805332
3016,0.0117176585
3017,0.010505851
3018,0.011616961
3019,0.013888794
3020,0.01183618
3021,0.011203036
3022,0.02433067
3023,0.01260283
3024,0.0106596025
3025,0.0125275655
3026,0.011196492
3027,0.013613865
3028,0.010721473
3029,0.012376633
3030,0.0174933
3031,0.010871461
3032,0.011088826
3033,0.010750613
3034,0.011011951
3035,0.011601669
3036,0.011863237
3037,0.01082614
3038,0.011814403
3039,0.011963803
3040,0.011270217
3041,0.010580699
3042,0.011602123
3043,0.014814345
3044,0.012695009
3045,0.011392037
3046,0.012709794
3047,0.01188647
3048,0.011203667
3049,0.010578498
3050,0.01078872
3051,0.010714356
3052,0.01083436
3053,0.024772465
3054,0.020288441
3055,0.011878237
3056,0.011350182
3057,0.01380779
3058,0.013320874
3059,0.010638891
3060,0.011092327
3061,0.011565262
3062,0.010939763
3063,0.011695146
3064,0.01454604
3065,0.014922706
3066,0.013806874
3067,0.010577445
3068,0.010794145
3069,0.011297835
3070,0.01088686
3071,0.01355035
3072,0.011792179
3073,0.013571699
3074,0.011651972
3075,0.013151516
3076,0.012077773
3077,0.021911537
3078,0.019688241
3079,0.011372347
3080,0.014049178
3081,0.010979643
3082,0.014242389
3083,0.013628545
3084,0.01178056
3085,0.011771135
3086,0.012484681
3087,0.0149297975
3088,0.01184364
3089,0.0140792895
3090,0.017584985
3091,0.011273933
3092,0.012281112
3093,0.012847871
3094,0.011891803
3095,0.010715453
3096,0.010636311
3097,0.016780447
3098,0.017126784
3099,0.010585025
3100,0.010681156
3101,0.012078142
3102,0.010923463
3103,0.011724282
3104,0.011855811
3105,0.011005863
3106,0.010641789
3107,0.014501872
3108,0.011791769
3109,0.010757047
3110,0.010586771
3111,0.010946731
3112,0.011552817
3113,0.010769883
3114,0.011440096
3115,0.011627894
3116,0.010951254
3117,0.0114243375
3118,0.014611269
3119,0.010800625
3120,0.010836985
3121,0.011114004
3122,0.0117678465
3123,0.013583901
3124,0.012555763
3125,0.012267123
3126,0.011237988
3127,0.011454087
3128,0.011860868
3129,0.011040687
3130,0.010876114
3131,0.010488108
3132,0.010788853
3133,0.014841434
3134,0.010407257
3135,0.013268346
3136,0.01531375
3137,0.0133814365
3138,0.010514869
3139,0.011812341
3140,0.011186834
3141,0.011235901
3142,0.011705842
3143,0.011993479
3144,0.013874391
3145,0.0112097245
3146,0.011774661
3147,0.010284842
3148,0.01232248
3149,0.011034751
3150,0.011740061
3151,0.011176032
3152,0.012779672
3153,0.010851053
3154,0.01118821
3155,0.01165822
3156,0.014172416
3157,0.01288574
3158,0.013652796
3159,0.013629944
3160,0.010823124
3161,0.011859282
3162,0.011213538
3163,0.016273338
3164,0.011167206
3165,0.010789736
3166,0.011450386
3167,0.011696375
3168,0.01091462
3169,0.011437672
3170,0.016027125
3171,0.01096739
3172,0.011595689
3173,0.011056706
3174,0.012281939
3175,0.011437706
3176,0.012634571
3177,0.010505633
3178,0.015970683
3179,0.010604173
3180,0.014325826
3181,0.010499789
3182,0.01979478
3183,0.010406394
3184,0.011163268
3185,0.012601295
3186,0.0117454
3187,0.012708291
3188,0.01075678
3189,0.012416095
3190,0.010894116
3191,0.01046567
3192,0.016014032
3193,0.010702454
3194,0.011123033
3195,0.011263734
3196,0.016348336
3197,0.012358605
3198,0.011572607
3199,0.011833926
3200,0.012777669
3201,0.010500131
3202,0.011635773
3203,0.010642324
3204,0.013271602
3205,0.0133225
3206,0.011430692
3207,0.010568888
3208,0.011110771
3209,0.010592606
3210,0.010871492
3211,0.010762524
3212,0.027137846
3213,0.017764902
3214,0.013881924
3215,0.012551423
3216,0.011124592
3217,0.013519596
3218,0.012875706
3219,0.010966367
3220,0.01658199
3221,0.011600589
3222,0.013588173
3223,0.011385903
3224,0.011563747
3225,0.013648193
3226,0.013311745
3227,0.014149999
3228,0.012072222
3229,0.012152239
3230,0.011285944
3231,0.012478886
3232,0.01054066
3233,0.011397423
3234,0.011797337
3235,0.012760449
3236,0.010929844
3237,0.010367714
3238,0.01378001
3239,0.012367449
3240,0.01078554
3241,0.010504906
3242,0.011045149
3243,0.012450992
3244,0.012529818
3245,0.013690991
3246,0.010993911
3247,0.010785115
3248,0.021106116
3249,0.0149885975
3250,0.010809698
3251,0.013274518
3252,0.013564914
3253,0.019394977
3254,0.010950781
3255,0.014072953
3256,0.011560555
3257,0.012031254
3258,0.011598759
3259,0.013025599
3260,0.011309957
3261,0.012499432
3262,0.014460038
3263,0.010745592
3264,0.01265762
3265,0.010602837
3266,0.010575684
3267,0.010543444
3268,0.015332084
3269,0.010687596
3270,0.011509598
3271,0.011731892
3272,0.01130186
3273,0.011088728
3274,0.010463342
3275,0.012110582
3276,0.010697574
3277,0.01100054
3278,0.01106379
3279,0.012493951
3280,0.010825932
3281,0.011394504
3282,0.05198678
3283,0.010432214
3284,0.011126842
3285,0.013183352
3286,0.013454091
3287,0.01252076
3288,0.014659082
3289,0.01345247
3290,0.011898069
3291,0.01195847
3292,0.012067234
3293,0.0134860575
3294,0.010285502
3295,0.0116563
3296,0.0126822395
3297,0.011452743
3298,0.011032875
3299,0.010472629
3300,0.010419393
3301,0.010776479
3302,0.01496516
3303,0.010660219
3304,0.013866529
3305,0.01044504
3306,0.010621704
3307,0.010597592
3308,0.01303157
3309,0.0105792945
3310,0.012878535
3311,0.011542923
3312,0.018268928
3313,0.011415741
3314,0.011361476
3315,0.011191835
3316,0.010611155
3317,0.016047923
3318,0.011186161
3319,0.01570661
3320,0.010385388
3321,0.01843632
3322,0.010704885
3323,0.010694159
3324,0.01180815
3325,0.011963621
3326,0.010995731
3327,0.016761988
3328,0.011480759
3329,0.0114081595
3330,0.016861767
3331,0.022816405
3332,0.011764569
3333,0.011142653
3334,0.015237687
3335,0.0123107685
3336,0.011034024
3337,0.012856346
3338,0.022477036
3339,0.010906905
3340,0.010478445
3341,0.013614824
3342,0.01418599
3343,0.0115612745
3344,0.010375704
3345,0.012416877
3346,0.011361385
3347,0.01024883
3348,0.014226185
3349,0.011109484
3350,0.010875791
3351,0.010556757
3352,0.01040748
3353,0.012676701
3354,0.012791761
3355,0.01533196
3356,0.010629836
3357,0.011171114
3358,0.012237422
3359,0.010747666
3360,0.010691842
3361,0.011260024
3362,0.013064926
3363,0.011010828
3364,0.012603517
3365,0.010885187
3366,0.012073541
3367,0.011090467
3368,0.010662398
3369,0.011040084
3370,0.011724873
3371,0.010686251
3372,0.011619701
3373,0.011406592
3374,0.012072334
3375,0.013103524
3376,0.011170494
3377,0.010462137
3378,0.010648856
3379,0.010969645
3380,0.013373889
3381,0.012609234
3382,0.012070205
3383,0.011485596
3384,0.012142409
3385,0.010354
3386,0.011805239
3387,0.011064639
3388,0.012082839
3389,0.012009071
3390,0.012491941
3391,0.011522845
3392,0.012226351
3393,0.011411771
3394,0.01130409
3395,0.012009773
3396,0.0114419665
3397,0.010209856
3398,0.010844214
3399,0.011126515
3400,0.013522888
3401,0.011290365
3402,0.010705458
3403,0.012134361
3404,0.013598904
3405,0.0103629725
3406,0.010725169
3407,0.010976762
3408,0.012517419
3409,0.012002669
3410,0.010945374
3411,0.010662809
3412,0.011308171
3413,0.011718185
3414,0.013200508
3415,0.013003311
3416,0.018304769
3417,0.012046363
3418,0.011147533
3419,0.014109514
3420,0.012727136
3421,0.0107928235
3422,0.013595574
3423,0.013594545
3424,0.011273291
3425,0.010299133
3426,0.011663564
3427,0.012410689
3428,0.010573206
3429,0.01176925
3430,0.010924829
3431,0.012046714
3432,0.011271594
3433,0.010948008
3434,0.031245917
3435,0.01119922
3436,0.011689089
3437,0.014203585
3438,0.011136117
3439,0.012525884
3440,0.011057455
3441,0.011078655
3442,0.011167032
3443,0.010449145
3444,0.012332607
3445,0.012993616
3446,0.012202068
3447,0.010995623
3448,0.012721029
3449,0.012895892
3450,0.011236029
3451,0.022238113
3452,0.015924256
3453,0.018005878
3454,0.010306435
3455,0.012045173
3456,0.010782589
3457,0.011214299
3458,0.010452224
3459,0.010730563
3460,0.011990713
3461,0.013177938
3462,0.025340738
3463,0.010637538
3464,0.011058875
3465,0.01611184
3466,0.011702581
3467,0.011493126
3468,0.01253525
3469,0.011360319
3470,0.011542665
3471,0.013615124
3472,0.0116855875
3473,0.01207725
3474,0.010909813
3475,0.011530727
3476,0.013165649
3477,0.011026795
3478,0.012537694
3479,0.013555617
3480,0.011323182
3481,0.011928573
3482,0.015521629
3483,0.015179254
3484,0.012476515
3485,0.012924522
3486,0.012826799
3487,0.014819428
3488,0.0119698
3489,0.01066381
3490,0.014757065
3491,0.012133303
3492,0.012407082
3493,0.011302211
3494,0.011230558
3495,0.012144316
3496,0.011232613
3497,0.011151691
3498,0.011258528
3499,0.010875254
3500,0.010276289
3501,0.013871272
3502,0.011841133
3503,0.013408835
3504,0.010761081
3505,0.012032044
3506,0.011660399
3507,0.010826574
3508,0.011114347
3509,0.010789565
3510,0.01253553
3511,0.011979607
3512,0.010382556
3513,0.011878362
3514,0.016410816
3515,0.011554575
3516,0.010623923
3517,0.01168655
3518,0.011055868
3519,0.011228406
3520,0.016848195
3521,0.011263531
3522,0.0113592455
3523,0.014101144
3524,0.01091025
3525,0.010729486
3526,0.013220789
3527,0.010984957
3528,0.010917508
3529,0.011265761
3530,0.015089976
3531,0.0137301525
3532,0.012337458
3533,0.011162656
3534,0.012593854
3535,0.010614049
3536,0.010549078
3537,0.014283756
3538,0.013942292
3539,0.011680553
3540,0.015119387
3541,0.01108079
3542,0.011531623
3543,0.010961442
3544,0.012108923
3545,0.013389799
3546,0.016218957
3547,0.0127999745
3548,0.010441548
3549,0.010404272
3550,0.011402546
3551,0.015564791
3552,0.013999044
3553,0.031711083
3554,0.010650448
3555,0.011902273
3556,0.012312941
3557,0.011548252
3558,0.010812244
3559,0.010706643
3560,0.01103888
3561,0.015014031
3562,0.011876997
3563,0.011610806
3564,0.020744802
3565,0.012778867
3566,0.011434284
3567,0.012336198
3568,0.010901766
3569,0.010737546
3570,0.014346882
3571,0.012033896
3572,0.016889505
3573,0.013971987
3574,0.010991135
3575,0.013761537
3576,0.011966227
3577,0.014812458
3578,0.010444062
3579,0.011820604
3580,0.0103602335
3581,0.010665527
3582,0.010758123
3583,0.011137577
3584,0.013849168
3585,0.012755985
3586,0.0109362835
3587,0.012219641
3588,0.013265063
3589,0.011034566
3590,0.011469745
3591,0.012522409
3592,0.010997785
3593,0.014779374
3594,0.010537285
3595,0.011692385
3596,0.010727936
3597,0.01201474
3598,0.010716647
3599,0.011475312
3600,0.011208465
3601,0.01099463
3602,0.010375355
3603,0.010454574
3604,0.011709535
3605,0.01126495
3606,0.010637881
3607,0.010981846
3608,0.013274584
3609,0.014935847
3610,0.010448246
3611,0.011154611
3612,0.0140267555
3613,0.010976955
3614,0.011882283
3615,0.010874444
3616,0.015801124
3617,0.01188702
3618,0.0116696125
3619,0.011112523
3620,0.010733682
3621,0.012281879
3622,0.011750265
3623,0.011100671
3624,0.010624386
3625,0.010800314
3626,0.011887299
3627,0.010589336
3628,0.011899682
3629,0.01266919
3630,0.011992038
3631,0.010723257
3632,0.013197325
3633,0.010793361
3634,0.012943859
3635,0.011928304
3636,0.01198193
3637,0.013937242
3638,0.011327709
3639,0.010771943
3640,0.010713933
3641,0.011359894
3642,0.010778774
3643,0.010722974
3644,0.011421158
3645,0.011032582
3646,0.013366329
3647,0.011068976
3648,0.0124603305
3649,0.01611189
3650,0.018185033
3651,0.011538519
3652,0.010686316
3653,0.015651647
3654,0.011418165
3655,0.012540954
3656,0.011221695
3657,0.011356108
3658,0.010958245
3659,0.010791495
3660,0.010747236
3661,0.014557535
3662,0.011090906
3663,0.011405263
3664,0.010540857
3665,0.010960228
3666,0.01051189
3667,0.011007708
3668,0.010580167
3669,0.0107815
3670,0.010804285
3671,0.0112052
3672,0.011118006
3673,0.011283354
3674,0.011434533
3675,0.011286179
3676,0.0140894335
3677,0.011798864
3678,0.010779905
3679,0.010378807
3680,0.011238588
3681,0.018655278
3682,0.019363273
3683,0.010404164
3684,0.011124934
3685,0.011073702
3686,0.014414474
3687,0.010706902
3688,0.011821373
3689,0.013688016
3690,0.015176829
3691,0.010812951
3692,0.014039452
3693,0.0113996295
3694,0.012726505
3695,0.010446195
3696,0.0122225955
3697,0.0107755475
3698,0.012470305
3699,0.012812394
3700,0.012578088
3701,0.013354422
3702,0.012577915
3703,0.012968079
3704,0.011749967
3705,0.0108025
3706,0.011709997
3707,0.010594449
3708,0.010647603
3709,0.014177801
3710,0.011027448
3711,0.013886636
3712,0.011625661
3713,0.012300912
3714,0.0139067825
3715,0.012102483
3716,0.01133647
3717,0.010861026
3718,0.010975215
3719,0.011703314
3720,0.012224259
3721,0.012302482
3722,0.012999555
3723,0.011930925
3724,0.011928226
3725,0.010632909
3726,0.011905616
3727,0.012332369
3728,0.010931809
3729,0.010809611
3730,0.011292495
3731,0.011571586
3732,0.010372369
3733,0.011102717
3734,0.010396794
3735,0.0117014395
3736,0.011658528
3737,0.014027324
3738,0.0117682945
3739,0.011156688
3740,0.010831123
3741,0.012580044
3742,0.016602853
3743,0.011356362
3744,0.011773085
3745,0.01037337
3746,0.012608743
3747,0.010407243
3748,0.012792672
3749,0.012771359
3750,0.012539028
3751,0.010836089
3752,0.01169843
3753,0.010924866
3754,0.01219364
3755,0.0110167805
3756,0.014203428
3757,0.019499302
3758,0.017563181
3759,0.012504198
3760,0.013478644
3761,0.015557937
3762,0.012056689
3763,0.010760442
3764,0.011820704
3765,0.013216708
3766,0.0106548
3767,0.012516235
3768,0.010695126
3769,0.014522041
3770,0.010533599
3771,0.01232971
3772,0.010718599
3773,0.011460607
3774,0.012058986
3775,0.010396835
3776,0.012896441
3777,0.011084546
3778,0.01384774
3779,0.011459077
3780,0.011268343
3781,0.021280736
3782,0.011028221
3783,0.01141684
3784,0.011140999
3785,0.011125316
3786,0.011686124
3787,0.011624107
3788,0.011962809
3789,0.012627379
3790,0.011087523
3791,0.011361687
3792,0.011976818
3793,0.010900169
3794,0.010614147
3795,0.011360799
3796,0.0109479055
3797,0.011006355
3798,0.010845757
3799,0.0132864695
3800,0.017855674
3801,0.014024943
3802,0.010695468
3803,0.012143673
3804,0.01111133
3805,0.010942199
3806,0.014432995
3807,0.011268431
3808,0.010748121
3809,0.011868397
3810,0.011245139
3811,0.010361963
3812,0.010852445
3813,0.011384314
3814,0.011382744
3815,0.011209592
3816,0.011766797
3817,0.0145431515
3818,0.010706684
3819,0.011235999
3820,0.010826701
3821,0.011375794
3822,0.010808633
3823,0.02087228
3824,0.012973916
3825,0.011353688
3826,0.014849359
3827,0.0107390545
3828,0.013009805
3829,0.0116507495
3830,0.010861218
3831,0.011939045
3832,0.012163698
3833,0.013239816
3834,0.011645919
3835,0.011264011
3836,0.010501585
3837,0.011130191
3838,0.012594091
3839,0.011186792
3840,0.011883808
3841,0.011033295
3842,0.010646413
3843,0.01047713
3844,0.012387751
3845,0.01254748
3846,0.01779544
3847,0.011325613
3848,0.012460724
3849,0.010646288
3850,0.013779806
3851,0.01112422
3852,0.010277507
3853,0.010872907
3854,0.010633724
3855,0.015487136
3856,0.015404984
3857,0.011462401
3858,0.012142122
3859,0.0114254495
3860,0.014501346
3861,0.01031637
3862,0.011014418
3863,0.010973748
3864,0.010742445
3865,0.011716741
3866,0.01061574
3867,0.017912183
3868,0.011136097
3869,0.013997704
3870,0.010676533
3871,0.014129546
3872,0.011123756
3873,0.012205449
3874,0.01120252
3875,0.011040515
3876,0.011449321
3877,0.010592159
3878,0.010857212
3879,0.01022855
3880,0.018327326
3881,0.011046199
3882,0.012798795
3883,0.011397973
3884,0.011555523
3885,0.01234049
3886,0.013626393
3887,0.010355717
3888,0.0120138945
3889,0.011216142
3890,0.011293502
3891,0.012496698
3892,0.0103428755
3893,0.010549862
3894,0.010442496
3895,0.012181981
3896,0.011580879
3897,0.010668052
3898,0.013563234
3899,0.011974739
3900,0.010484973
3901,0.012128437
3902,0.011991652
3903,0.0119821355
3904,0.010740609
3905,0.023733245
3906,0.01099292
3907,0.0122883795
3908,0.012071189
3909,0.0134348925
3910,0.010705642
3911,0.012101361
3912,0.010679665
3913,0.011031066
3914,0.010749206
3915,0.0112898
3916,0.014198736
3917,0.010964028
3918,0.014207093
3919,0.010818486
3920,0.011323598
3921,0.010650253
3922,0.01302847
3923,0.012414252
3924,0.012257855
3925,0.01982328
3926,0.012673141
3927,0.0107191615
3928,0.012676774
3929,0.01071459
3930,0.012678694
3931,0.0115888305
3932,0.010383006
3933,0.014397097
3934,0.011976558
3935,0.012524115
3936,0.011047319
3937,0.013283798
3938,0.011116323
3939,0.010648214
3940,0.014740273
3941,0.012019615
3942,0.013776227
3943,0.014551887
3944,0.0109229935
3945,0.0119546205
3946,0.011338592
3947,0.010679467
3948,0.011484085
3949,0.011526381
3950,0.012363549
3951,0.01091214
3952,0.011453265
3953,0.012632618
3954,0.012535164
3955,0.010485046
3956,0.011640829
3957,0.010809209
3958,0.01135404
3959,0.011010569
3960,0.011195763
3961,0.020077795
3962,0.010308722
3963,0.010993521
3964,0.021812752
3965,0.013248053
3966,0.011267658
3967,0.011221874
3968,0.011240576
3969,0.010435752
3970,0.014196187
3971,0.010411564
3972,0.01038609
3973,0.011782268
3974,0.011111101
3975,0.014084511
3976,0.010334067
3977,0.013105574
3978,0.010890913
3979,0.010762902
3980,0.010849821
3981,0.012657462
3982,0.011612439
3983,0.01115258
3984,0.011546128
3985,0.015437661
3986,0.010899383
3987,0.01203526
3988,0.013314939
3989,0.014548235
3990,0.010822611
3991,0.01207277
3992,0.011302139
3993,0.010642698
3994,0.013216782
3995,0.011785492
3996,0.011615977
3997,0.016681975
3998,0.010358888
3999,0.010351297
4000,0.010889329
4001,0.0159307
4002,0.017387994
4003,0.011349777
4004,0.014188297
4005,0.0108389165
4006,0.011483766
4007,0.010920929
4008,0.013469573
4009,0.010651816
4010,0.010977503
4011,0.015133777
4012,0.012270252
4013,0.013090203
4014,0.010952235
4015,0.010520253
4016,0.013870256
4017,0.010987198
4018,0.010402731
4019,0.010229197
4020,0.010829785
4021,0.014354289
4022,0.0113327475
4023,0.010571066
4024,0.010478478
4025,0.01032332
4026,0.010259219
4027,0.0114030605
4028,0.012260067
4029,0.011094529
4030,0.01683962
4031,0.013306003
4032,0.031048462
4033,0.011644465
4034,0.0114772245
4035,0.010437603
4036,0.012919548
4037,0.010736493
4038,0.011061189
4039,0.011405008
4040,0.011377905
4041,0.011252082
4042,0.012485761
4043,0.013590965
4044,0.010335601
4045,0.012677517
4046,0.010977329
4047,0.010394976
4048,0.011599896
4049,0.011093928
4050,0.0121633485
4051,0.011330575
4052,0.010624197
4053,0.01146244
4054,0.012600865
4055,0.011719948
4056,0.014670889
4057,0.012554448
4058,0.011517184
4059,0.010819413
4060,0.0108133275
4061,0.011082197
4062,0.011770476
4063,0.016070051
4064,0.011748615
4065,0.011561889
4066,0.0117115835
4067,0.011419732
4068,0.012747735
4069,0.011491438
4070,0.012862164
4071,0.011398379
4072,0.010500575
4073,0.011057021
4074,0.011185126
4075,0.010505062
4076,0.0150636695
4077,0.014355257
4078,0.012659038
4079,0.01026616
4080,0.010719411
4081,0.011171473
4082,0.014725841
4083,0.011444807
4084,0.010929107
4085,0.010635849
4086,0.011859394
4087,0.012101623
4088,0.0104927635
4089,0.010974959
4090,0.015579499
4091,0.011073823
4092,0.011828393
4093,0.010331467
4094,0.0107547045
4095,0.011098616
4096,0.012144245
4097,0.013591798
4098,0.012443958
4099,0.012100012
4100,0.010383944
4101,0.012931595
4102,0.010593182
4103,0.010495806
4104,0.01071438
4105,0.010737741
4106,0.011564618
4107,0.011646343
4108,0.01076245
4109,0.0115116425
4110,0.010406801
4111,0.010754944
4112,0.012964191
4113,0.01291888
4114,0.010532241
4115,0.010605001
4116,0.01059336
4117,0.011432417
4118,0.01305231
4119,0.011100538
4120,0.010541773
4121,0.012605542
4122,0.0111480225
4123,0.012431639
4124,0.012505765
4125,0.014190856
4126,0.016234431
4127,0.0105786985
4128,0.01569102
4129,0.011377238
4130,0.012461438
4131,0.011402493
4132,0.012198074
4133,0.011561869
4134,0.010685252
4135,0.010644263
4136,0.010779586
4137,0.010825603
4138,0.01183047
4139,0.01202229
4140,0.011507305
4141,0.0107093705
4142,0.010850951
4143,0.011346985
4144,0.012643677
4145,0.010381315
4146,0.010682116
4147,0.011037529
4148,0.01936626
4149,0.0107864
4150,0.0113865435
4151,0.011823597
4152,0.010408964
4153,0.017149586
4154,0.010882601
4155,0.011318953
4156,0.014430182
4157,0.010676205
4158,0.010664657
4159,0.011417238
4160,0.012309106
4161,0.010544721
4162,0.013603432
4163,0.012177738
4164,0.0141760325
4165,0.0113878315
4166,0.010824745
4167,0.010453311
4168,0.011422109
4169,0.010723582
4170,0.012799881
4171,0.011642679
4172,0.010308068
